losses_russiaequipment,losses_russiamodel,losses_russiasub_model,losses_russiamanufacturer,losses_russialosses_total,losses_russiaabandoned,losses_russiaabandoned and destroyed,losses_russiacaptured,losses_russiacaptured and destroyed,losses_russiacaptured and stripped,losses_russiadamaged,losses_russiadamaged and abandoned,losses_russiadamaged and captured,losses_russiadamaged beyond economical repair,losses_russiadestroyed,losses_russiadestroyed in a non-combat related incident,losses_russiasunk,losses_ukraineequipment,losses_ukrainemodel,losses_ukrainesub_model,losses_ukrainemanufacturer,losses_ukrainelosses_total,losses_ukraineUnnamed: 5,losses_ukraineabandoned,losses_ukraineabandoned and destroyed,losses_ukrainecaptured,losses_ukrainecaptured and destroyed,losses_ukrainedamaged,losses_ukrainedamaged and abandoned,losses_ukrainedamaged and captured,losses_ukrainedamaged beyond economical repair,losses_ukrainedestroyed,losses_ukrainescuttled to prevent capture by Russia,losses_ukrainesunk,losses_ukrainesunk but raised by Russia
Tanks,T-62 Obr. 1967,,the Soviet Union,1,,,1.0,,,,,,,,,,Tanks,T-64A,,the Soviet Union,1.0,,,,1.0,,,,,,,,,
Tanks,T-62M,,the Soviet Union,50,1.0,,29.0,,,1.0,,5.0,,14.0,,,Tanks,T-64B,,the Soviet Union,2.0,,,,1.0,,,,,,1.0,,,
Tanks,T-62MV,,the Soviet Union,12,,,7.0,,,,1.0,1.0,,3.0,,,Tanks,T-64BV,,the Soviet Union,200.0,,3.0,,52.0,8.0,15.0,2.0,4.0,,116.0,,,
Tanks,T-64A,,the Soviet Union,2,,,,,,,,,,2.0,,,Tanks,T-64BV Zr. 2017,,Ukraine,58.0,,3.0,,31.0,,1.0,1.0,,,22.0,,,
Tanks,T-64BV,,the Soviet Union,48,2.0,,4.0,,,3.0,,1.0,,38.0,,,Tanks,T-64BVK,,the Soviet Union,1.0,,,,1.0,,,,,,,,,
Tanks,T-72A,,the Soviet Union,36,1.0,,13.0,,,1.0,,,,21.0,,,Tanks,T-64B1M,,Ukraine,8.0,,,,7.0,,,,,,1.0,,,
Tanks,T-72AV,,the Soviet Union,9,,,3.0,,,,,2.0,,4.0,,,Tanks,T-64BM 'Bulat',,Ukraine,10.0,,,,4.0,,1.0,,,,5.0,,,
Tanks,T-72B,,the Soviet Union,230,4.0,,63.0,3.0,1.0,5.0,5.0,5.0,,144.0,,,Tanks,T-64BM2 'Bulat',,Ukraine,5.0,,,,,,1.0,,,,4.0,,,
Tanks,T-72B Obr. 1989,,the Soviet Union,71,4.0,1.0,17.0,,1.0,1.0,2.0,3.0,,42.0,,,Tanks,Uknown T-64,,the Soviet Union,2.0,,,,,,,,,,2.0,,,
Tanks,T-72BA,,Russia,25,,,14.0,,,2.0,,1.0,,8.0,,,Tanks,T-72 'Ural',,the Soviet Union,3.0,,,,1.0,,1.0,,,,1.0,,,
Tanks,T-72B3,,Russia,267,7.0,,73.0,1.0,,15.0,3.0,12.0,,156.0,,,Tanks,T-72M/M1(R),,Poland,40.0,,1.0,,7.0,,1.0,4.0,,,27.0,,,
Tanks,T-72B3 Obr. 2014,,Russia,3,,,1.0,,,,,,,2.0,,,Tanks,T-72AV,,the Soviet Union,13.0,,,,4.0,,,,1.0,,8.0,,,
Tanks,T-72B3 Obr. 2016,,Russia,202,2.0,3.0,91.0,,,4.0,,10.0,,92.0,,,Tanks,T-72B,,the Soviet Union,28.0,,,,7.0,,2.0,,1.0,,18.0,,,
Tanks,Unknown T-72,,Russia,101,,,5.0,,,16.0,1.0,,,79.0,,,Tanks,T-72AMT,,Ukraine,14.0,,,,4.0,,1.0,1.0,1.0,,7.0,,,
Tanks,T-80BV,,the Soviet Union,209,2.0,1.0,74.0,,,4.0,10.0,7.0,,111.0,,,Tanks,Unknown T-72,,the Soviet Union,1.0,,,,,,,,,,1.0,,,
Tanks,T-80BVK,,the Soviet Union,1,,,1.0,,,,,,,,,,Tanks,T-80BV,,the Soviet Union,40.0,,1.0,,9.0,,3.0,1.0,5.0,,21.0,,,
Tanks,T-80U,,Russia,89,10.0,3.0,35.0,,2.0,2.0,,5.0,,32.0,,,Tanks,Unknown tank,,Ukraine,31.0,,,,,,1.0,,,,30.0,,,
Tanks,T-80UK,,Russia,2,,1.0,1.0,,,,,,,,,,Armoured Fighting Vehicles,BRM-1 and BRM-1K reconnaissance vehicle,,the Soviet Union,34.0,,2.0,,11.0,,1.0,1.0,1.0,,18.0,,,
Tanks,T-80UE-1,,Russia,8,,,7.0,,,,,,,1.0,,,Armoured Fighting Vehicles,BRDM-2,,the Soviet Union,57.0,,,,32.0,,,,,,25.0,,,
Tanks,T-80UM2,,Russia,1,,,,,,,,,,1.0,,,Armoured Fighting Vehicles,BRDM-2L1,,Ukraine,38.0,,,,15.0,,1.0,,,,22.0,,,
Tanks,T-80BVM,,Russia,67,,,28.0,,1.0,4.0,,4.0,,30.0,,,Armoured Fighting Vehicles,BRDM-2RKhb chemical reconnaissance vehicle,,the Soviet Union,10.0,,,,2.0,,,,,,8.0,,,
Tanks,T-80BVM Obr. 2022,,Russia,1,,,,,,,,,,1.0,,,Armoured Fighting Vehicles,MT-T multi-purpose tracked transporter,,the Soviet Union,1.0,,,,,,1.0,,,,,,,
Tanks,Unknown T-80,,Russia,4,1.0,,2.0,,,,,,,1.0,,,Armoured Fighting Vehicles,Vepr,,Ukraine,3.0,,,,1.0,,,,,,2.0,,,
Tanks,T-90A,,Russia,33,1.0,2.0,13.0,,,,,,,17.0,,,Armoured Fighting Vehicles,MT-LB,,the Soviet Union,37.0,,1.0,,5.0,,,,,,31.0,,,
Tanks,T-90S,,Russia,3,,,1.0,,,,,,,2.0,,,Armoured Fighting Vehicles,MT-LB with ZU-23 AA gun,,the Soviet Union,10.0,,,,2.0,,,,,,8.0,,,
Tanks,T-90M,,Russia,10,,,2.0,,,3.0,1.0,,,4.0,,,Armoured Fighting Vehicles,BTS-4 ARV with ZU-23 AA gun,,the Soviet Union,1.0,,,,1.0,,,,,,,,,
Tanks,Unknown tank,,Russia,188,2.0,,,,,13.0,3.0,,,170.0,,,Armoured Fighting Vehicles,MT-LBu,,the Soviet Union,5.0,,,,2.0,,,,,,3.0,,,
Armoured Fighting Vehicles,BRM-1 and BRM-1K reconnaissance vehicle,,the Soviet Union,25,,,9.0,,,1.0,1.0,,,14.0,,,Armoured Fighting Vehicles,MT-LB-S Ambulance,,Ukraine,15.0,,1.0,,4.0,,,,,,10.0,,,
Armoured Fighting Vehicles,BRM-1K Obr. 2021,,Russia,1,,,1.0,,,,,,,,,,Armoured Fighting Vehicles,BMM-70 Ambulance,,Ukraine,1.0,,,,,,,,,,1.0,,,
Armoured Fighting Vehicles,BRDM-2,,the Soviet Union,4,,,1.0,,,,,,,3.0,,,Armoured Fighting Vehicles,BMM-4C Ambulance,,Ukraine,3.0,,,,2.0,,,,,,1.0,,,
Armoured Fighting Vehicles,BRDM-2RKhb chemical reconnaissance vehicle,,the Soviet Union,2,,,2.0,,,,,,,,,,Armoured Fighting Vehicles,Unknown AFV,,Ukraine,45.0,,,,,,,,,,45.0,,,
Armoured Fighting Vehicles,BRDM-2-based ZS-82 PsyOps vehicle,,the Soviet Union,2,,,1.0,,,,,,,1.0,,,Infantry Fighting Vehicles,BMP-1(P),,the Soviet Union,238.0,,13.0,1.0,43.0,,5.0,1.0,1.0,,174.0,,,
Armoured Fighting Vehicles,BTR-80-based ZS-88 PsyOps vehicle,,the Soviet Union,1,,,,,,,,,,1.0,,,Infantry Fighting Vehicles,BMP-1TS,,Ukraine,1.0,,,,,,,,,,1.0,,,
Armoured Fighting Vehicles,MT-LB,,the Soviet Union,357,14.0,,128.0,1.0,,3.0,,7.0,,204.0,,,Infantry Fighting Vehicles,BMP-1U 'Shkval',,Ukraine,1.0,,,,1.0,,,,,,,,,
Armoured Fighting Vehicles,MT-LBVM and MT-LBVMK,,the Soviet Union,156,8.0,,83.0,,,,,3.0,,62.0,,,Infantry Fighting Vehicles,BWP-1,,Poland,1.0,,,,,,,,,,1.0,,,
Armoured Fighting Vehicles,MT-LB with ZU-23 AA gun,,the Soviet Union,22,,,10.0,,,,,,,12.0,,,Infantry Fighting Vehicles,Pbv 501A,,Sweden,3.0,,,,,,,,,,3.0,,,
Armoured Fighting Vehicles,MT-LBu,,the Soviet Union,16,1.0,,6.0,,,,,,,9.0,,,Infantry Fighting Vehicles,BVP M-80A,,Slovenia,2.0,,,,,,2.0,,,,,,,
Armoured Fighting Vehicles,Vityaz DT-10PM articulated tracked carrier,,Russia,1,,,,,,,,,,1.0,,,Infantry Fighting Vehicles,BMP-2(K),,the Soviet Union,98.0,,6.0,,21.0,,1.0,1.0,,,69.0,,,
Armoured Fighting Vehicles,Vityaz DT-30 articulated tracked carrier,,Russia,3,,,1.0,,,,,1.0,,1.0,,,Infantry Fighting Vehicles,Unknown BMP-1/2,,Ukraine,13.0,,,,,,,,,,13.0,,,
Armoured Fighting Vehicles,GAZ-3344-20 'Aleut' articulated tracked carrier,,Russia,2,,,,,,,,,,2.0,,,Infantry Fighting Vehicles,BMD-2,,the Soviet Union,4.0,,,,3.0,,,,,,1.0,,,
Armoured Fighting Vehicles,2S1 with ZU-23 AA gun,,the Soviet Union,1,,,1.0,,,,,,,,,,Infantry Fighting Vehicles,BTR-ZD,,the Soviet Union,1.0,,,,,,,,,,1.0,,,
Armoured Fighting Vehicles,Unknown BTR-D/BMD-2,,the Soviet Union,9,,,1.0,,,,,,,8.0,,,Infantry Fighting Vehicles,BTR-3,,Ukraine,38.0,,,,11.0,,1.0,,,,26.0,,,
Armoured Fighting Vehicles,BMM-80 ambulance,,the Soviet Union,1,,,,,,,,,,1.0,,,Infantry Fighting Vehicles,BTR-4,,Ukraine,71.0,,2.0,,22.0,3.0,3.0,3.0,,,38.0,,,
Armoured Fighting Vehicles,Unknown AFV,,Russia,170,1.0,,2.0,,,8.0,,,,159.0,,,Armoured Personnel Carriers,BTR-60PB,,the Soviet Union,17.0,,,,7.0,,,,1.0,,9.0,,,
Infantry Fighting Vehicles,BMP-1(P),,the Soviet Union,274,8.0,,85.0,,,16.0,8.0,8.0,,149.0,,,Armoured Personnel Carriers,BTR-70,,the Soviet Union,28.0,,,,12.0,,4.0,,,,12.0,,,
Infantry Fighting Vehicles,BMP-1AM,,Russia,21,2.0,,2.0,1.0,,2.0,1.0,3.0,,10.0,,,Armoured Personnel Carriers,BTR-70M,,Ukraine,20.0,,1.0,,11.0,,,,,,8.0,,,
Infantry Fighting Vehicles,BMP-2(K),,the Soviet Union,708,24.0,,212.0,,,11.0,13.0,17.0,,430.0,,,Armoured Personnel Carriers,BTR-7,,Ukraine,11.0,,,,9.0,,,,,,2.0,,,
Infantry Fighting Vehicles,BMP-2M,,Russia,10,,,4.0,,,,,1.0,,5.0,,,Armoured Personnel Carriers,BTR-80,,the Soviet Union,92.0,,,,33.0,,1.0,,2.0,,56.0,,,
Infantry Fighting Vehicles,BMP-2 675-sb3KDZ,,Russia,3,,,1.0,,,,,1.0,,1.0,,,Armoured Personnel Carriers,BTR-80M,,Ukraine,2.0,,,,2.0,,,,,,,,,
Infantry Fighting Vehicles,Unknown BMP-1/2,,the Soviet Union,101,1.0,,,,,3.0,1.0,,,96.0,,,Armoured Personnel Carriers,BTR-D,,the Soviet Union,2.0,,,,1.0,,,,,,1.0,,,
Infantry Fighting Vehicles,BMP-3,,Russia,219,9.0,,57.0,,,12.0,3.0,7.0,,131.0,,,Armoured Personnel Carriers,GT-MU AFV converted to APC,,the Soviet Union,1.0,,,,1.0,,,,,,,,,
Infantry Fighting Vehicles,MT-LBM 6MB,,the Soviet Union,6,1.0,,2.0,,,1.0,,1.0,,1.0,,,Armoured Personnel Carriers,Unknown BTR,,Ukraine,5.0,,1.0,,,,,,,,4.0,,,
Infantry Fighting Vehicles,BMO-T,,Russia,3,,,,,,,,,,3.0,,,Armoured Personnel Carriers,YPR-765,,the Netherlands,18.0,,1.0,,2.0,,4.0,,,,11.0,,,
Infantry Fighting Vehicles,BMD-2,,the Soviet Union,190,6.0,,48.0,,2.0,5.0,,2.0,,127.0,,,Armoured Personnel Carriers,M113,,the United States,18.0,,,,2.0,,,2.0,,,14.0,,,
Infantry Fighting Vehicles,BMD-2,with RP-337VM1 jammer,the Soviet Union,2,,,1.0,,,,,,,1.0,,,Armoured Personnel Carriers,VAB,,France,6.0,,,,,,1.0,3.0,,,2.0,,,
Infantry Fighting Vehicles,BMD-2,with RP-377VM1 jammer,the Soviet Union,1,,,1.0,,,,,,,,,,Armoured Personnel Carriers,Sisu XA-185,,Finland,3.0,,,,1.0,,,,,,2.0,,,
Infantry Fighting Vehicles,BMD-4M,,Russia,64,,,9.0,,,,,1.0,,54.0,,,Mine-Resistant Ambush Protected,Vepr,,Ukraine,1.0,,,,1.0,,,,,,,,,
Infantry Fighting Vehicles,BMD-4M,with RP-337VM1 jammer,Russia,1,,,1.0,,,,,,,,,,Mine-Resistant Ambush Protected,KrAZ-MPV Shrek One,,Ukraine,2.0,,,,1.0,,,,,,1.0,,,
Infantry Fighting Vehicles,BTR-82A(M),,Russia,399,9.0,,118.0,,1.0,9.0,4.0,7.0,,251.0,,,Mine-Resistant Ambush Protected,Alvis 4 'Mamba',,the United Kingdom,3.0,,,,1.0,,,,,,2.0,,,
Armoured Personnel Carriers,BTR-60PB,,the Soviet Union,1,,,,,,1.0,,,,,,,Mine-Resistant Ambush Protected,Mastiff Protected Patrol,,the United Kingdom,7.0,,,,,,1.0,,,,6.0,,,
Armoured Personnel Carriers,BTR-70,,the Soviet Union,4,,,1.0,,,,,,,3.0,,,Mine-Resistant Ambush Protected,Wolfhound Protected Patrol,,the United Kingdom,2.0,,,,,,,,,,2.0,,,
Armoured Personnel Carriers,BTR-70M,,Russia,1,,,,,,,,,,1.0,,,Mine-Resistant Ambush Protected,Bushmaster Protected Mobility Vehicle,,Australia %28converted%29,6.0,,,,,,2.0,,,,4.0,,,
Armoured Personnel Carriers,BTR-80,,the Soviet Union,153,4.0,,60.0,,,1.0,,2.0,,86.0,,,Mine-Resistant Ambush Protected,International M1224 MaxxPro,,the United States,11.0,,1.0,,,,3.0,,,,7.0,,,
Armoured Personnel Carriers,Unknown BTR-80/BTR-82A,,Russia,45,2.0,,,,,2.0,1.0,,,40.0,,,Mine-Resistant Ambush Protected,BMC Kirpi,,Turkey,9.0,,,,1.0,,1.0,1.0,1.0,,5.0,,,
Armoured Personnel Carriers,Remdiesel Z-STS Akhmat,,Russia,4,,,1.0,,,,,,,3.0,,,Infantry Mobility Vehicles,KrAZ Cobra,,Ukraine,11.0,,,,6.0,,,,,,5.0,,,
Armoured Personnel Carriers,Ural-4320VV,,Russia,3,,,1.0,,,,,,,2.0,,,Infantry Mobility Vehicles,KrAZ Cougar,,Ukraine,6.0,,,,4.0,,,,,,2.0,,,
Armoured Personnel Carriers,BTR-D,,the Soviet Union,71,5.0,,22.0,,,,,2.0,,42.0,,,Infantry Mobility Vehicles,KrAZ Spartan,,Ukraine,10.0,,,,,,,,,,10.0,,,
Armoured Personnel Carriers,BTR-MDM 'Rakushka',,Russia,14,,,7.0,,,1.0,,,,6.0,,,Infantry Mobility Vehicles,Novator,,Ukraine,14.0,,,,3.0,,2.0,,,,9.0,,,
Mine-Resistant Ambush Protected,KamAZ-63968 Typhoon,,Russia,23,,,5.0,,,2.0,1.0,,,15.0,,,Infantry Mobility Vehicles,Varta,,Ukraine,35.0,,,,25.0,,1.0,,,,9.0,,,
Mine-Resistant Ambush Protected,KamAZ-435029 Patrol-A,,Russia,2,,,,,,1.0,,,,1.0,,,Infantry Mobility Vehicles,Kozak-2,,Ukraine,60.0,,,,22.0,,,1.0,1.0,,36.0,,,
Mine-Resistant Ambush Protected,K-53949 Typhoon-K,,Russia,8,,,1.0,,,,,,,7.0,,,Infantry Mobility Vehicles,Kozak-2M1,,Ukraine,17.0,,1.0,,6.0,,,,,,10.0,,,
Mine-Resistant Ambush Protected,K-53949 Linza,,Russia,11,,,3.0,,,1.0,,1.0,,6.0,,,Infantry Mobility Vehicles,Kozak-5,,Ukraine,4.0,,,,2.0,,,,,,2.0,,,
Infantry Mobility Vehicles,BPM-97 Vystrel,,Russia,3,,,2.0,,,,,,,1.0,,,Infantry Mobility Vehicles,Triton-1,,Ukraine,3.0,,,,3.0,,,,,,,,,
Infantry Mobility Vehicles,GAZ Tigr,,Russia,14,1.0,,7.0,,,,,,,6.0,,,Infantry Mobility Vehicles,M1114 and M1151 HMMWV,,the United States,43.0,,,,6.0,,3.0,,4.0,,30.0,,,
Infantry Mobility Vehicles,GAZ Tigr-M,,Russia,115,,,29.0,,,1.0,,2.0,,83.0,,,Infantry Mobility Vehicles,M1152 HMMWV,,the United States,3.0,,,,,,,,,,3.0,,,
Infantry Mobility Vehicles,GAZ Tigr-M,with Arbalet-DM turret,Russia,8,,,1.0,,,,,,,7.0,,,Infantry Mobility Vehicles,M998 HMMWV,,the United States,17.0,,,,15.0,,,,1.0,,1.0,,,
Infantry Mobility Vehicles,AMN-590951,,Russia,3,,,3.0,,,,,,,,,,Infantry Mobility Vehicles,HMMWV Ambulance,,the United States,9.0,,,,3.0,,1.0,,3.0,,2.0,,,
Infantry Mobility Vehicles,Iveco LMV Rys,,Italy,31,,1.0,1.0,,,1.0,,4.0,,24.0,,,Infantry Mobility Vehicles,AT105A Saxon,,the United Kingdom,16.0,,,,12.0,,,,,,4.0,,,
Command Posts And Communications Stations,BMP-1KSh command and staff vehicle,,the Soviet Union,9,,,2.0,,,,,,,7.0,,,Infantry Mobility Vehicles,Husky Tactical Support Vehicle,,the United Kingdom,15.0,,,,,,4.0,,1.0,,10.0,,,
Command Posts And Communications Stations,BMD-1KSh-A command vehicle,,the Soviet Union,12,,,4.0,,,,,,,8.0,,,Infantry Mobility Vehicles,Iveco LMV,,Italy,9.0,,,,,,1.0,,,,8.0,,,
Command Posts And Communications Stations,BTR-60PU-12command vehicle,,the Soviet Union,1,,,1.0,,,,,,,,,,Infantry Mobility Vehicles,MLS Shield,,Italy,3.0,,,,,,2.0,,,,1.0,,,
Command Posts And Communications Stations,R-145BM command vehicle,,the Soviet Union,1,,,1.0,,,,,,,,,,Infantry Mobility Vehicles,INKAS Titan-S,,the United Arab Emirates,1.0,0.0,,,,,,,,,1.0,,,
Command Posts And Communications Stations,R-145BM1 command vehicle,,the Soviet Union,4,,,1.0,,,,,,,3.0,,,Infantry Mobility Vehicles,Roshel Senator,,Canada %28Pantone%29,1.0,,,,,,,,,,1.0,,,
Command Posts And Communications Stations,R-145BMA command vehicle,,Russia,1,,,1.0,,,,,,,,,,Command Posts And Communications Stations,BMP-1KSh command and staff vehicle,,the Soviet Union,2.0,,,,,,,,,,2.0,,,
Command Posts And Communications Stations,R-142NSA command and signals vehicle,,the Soviet Union,2,,,,,,,,,,2.0,,,Command Posts And Communications Stations,R-145BM command vehicle,,the Soviet Union,1.0,,,,1.0,,,,,,,,,
Command Posts And Communications Stations,R-149MA1 command and staff vehicle,,Russia,74,1.0,,32.0,,,,1.0,2.0,,38.0,,,Command Posts And Communications Stations,BTR-60PU-12 air defence command vehicle,,the Soviet Union,1.0,,,,1.0,,,,,,,,,
Command Posts And Communications Stations,R-149MA3 command and staff vehicle,,Russia,36,,,19.0,,,,,4.0,,13.0,,,Command Posts And Communications Stations,R-409A radio station vehicle,,the Soviet Union,1.0,,,,,,,,,,1.0,,,
Command Posts And Communications Stations,R-149MA3 command and staff vehicle,with RP-337VM1 jammer,Russia,1,,,,,,,,,,1.0,,,Command Posts And Communications Stations,R-405M radio station vehicle,,the Soviet Union,1.0,,,,,,,,,,1.0,,,
Command Posts And Communications Stations,APE-5 command post,,Russia,4,,,,,,,,,,4.0,,,Command Posts And Communications Stations,9S470M1 command vehicle for Buk-M1,,the Soviet Union,1.0,,,,,,,,,,1.0,,,
Command Posts And Communications Stations,MSh-5350.1 command vehicle,,Russia,1,,,1.0,,,,,,,,,,Command Posts And Communications Stations,K1Sh1 command and staff vehicle,,Ukraine,1.0,,,,1.0,,,,,,,,,
Command Posts And Communications Stations,9S470M1 (or variant thereof) command post (for Buk-M1/2),,Russia,2,,,1.0,,,,,,,1.0,,,Command Posts And Communications Stations,Radio relay station for the TB2 UCAV,,Turkey,1.0,,,,,,,,,,1.0,,,
Command Posts And Communications Stations,Barnaul-T 9С932-1 automated system for air defence units,,Russia,5,,,4.0,,,,,,,1.0,,,Engineering Vehicles And Equipment,IMR-2 combat engineering vehicle,,the Soviet Union,4.0,,,,1.0,,,,,,3.0,,,
Command Posts And Communications Stations,"9S932-2 intelligence, control and command vehicle (for Barnaul-T)",,Russia,1,,,1.0,,,,,,,,,,Engineering Vehicles And Equipment,BREM-Ch ''BREM-4'' armoured recovery vehicle,,the Czech Republic,1.0,,,,,,,,,,1.0,,,
Command Posts And Communications Stations,Command vehicle for Podlet-K1 low-altitude S-band surveillance radar,,Russia,1,,,,,,,,,,1.0,,,Engineering Vehicles And Equipment,T-64 mine clearing roller tank,,Ukraine,1.0,,,,1.0,,,,,,,,,
Command Posts And Communications Stations,R-149AKSh-1 command and signals vehicle,,Russia,12,,,1.0,,,,,,,11.0,,,Engineering Vehicles And Equipment,BAT-2 heavy engineering vehicle,,the Soviet Union,2.0,,,,1.0,,,,1.0,,,,,
Command Posts And Communications Stations,R-166-0.5 signals vehicle,,Russia,23,1.0,,6.0,,,,,1.0,,15.0,,,Engineering Vehicles And Equipment,IRM 'Zhuk' Engineer Reconnaissance Vehicle,,the Soviet Union,1.0,,,,1.0,,,,,,,,,
Command Posts And Communications Stations,P-240 digital communications vehicle,,Russia,1,,,,,,,,,,1.0,,,Engineering Vehicles And Equipment,MDK-3 trench-digging vehicle,,the Soviet Union,1.0,,,,1.0,,,,,,,,,
Command Posts And Communications Stations,P-260 Redut-2US communication system,,Russia,1,,,,,,,,,,1.0,,,Engineering Vehicles And Equipment,RKhM 'Kashalot',,the Soviet Union,2.0,,,,1.0,,,,,,1.0,,,
Command Posts And Communications Stations,P-260-U signals vehicle (for Redut-2US signal and communications system),,Russia,1,,,,1.0,,,,,,,,,Engineering Vehicles And Equipment,BTS-4 armoured recovery vehicle,,the Soviet Union,4.0,,,,2.0,,,,,,2.0,,,
Command Posts And Communications Stations,R-431AM antenna module for the Redut-2US communications system,,Russia,1,,,,,,,,,,1.0,,,Engineering Vehicles And Equipment,BREM-1 armoured recovery vehicle,,the Soviet Union,2.0,,,,1.0,,,,,,1.0,,,
Command Posts And Communications Stations,R-419L1 communications station,,Russia,2,,,,,,,,,,2.0,,,Engineering Vehicles And Equipment,Ural-4320 KET-L recovery vehicle,,the Soviet Union,1.0,,,,,,,,,,1.0,,,
Command Posts And Communications Stations,MP-1IM signals vehicle,,Russia,10,,,3.0,,,,,,,7.0,,,Engineering Vehicles And Equipment,MTO-AT mobile workshop,,the Soviet Union,1.0,,,,,,,,,,1.0,,,
Command Posts And Communications Stations,MP-2IM signals vehicle,,Russia,2,,,1.0,,,,,,,1.0,,,Engineering Vehicles And Equipment,PTS-2  tracked amphibious transport,,the Soviet Union,1.0,,,,1.0,,,,,,,,,
Command Posts And Communications Stations,R-439-MD2 SatCom Station,,Russia,2,,,,,,,,,,2.0,,,Engineering Vehicles And Equipment,PMP floating bridge,,the Soviet Union,3.0,,,,1.0,,,,,,2.0,,,
Command Posts And Communications Stations,R-441 SatCom station,,Russia,1,,,,,,,,,,1.0,,,Engineering Vehicles And Equipment,TMM-3M1 bridge layer,,Ukraine,3.0,,,,2.0,,,,,,1.0,,,
Command Posts And Communications Stations,Auriga-1.2V portable satellite communications station,,Russia,2,,,1.0,,,,,,,1.0,,,Engineering Vehicles And Equipment,Pontoon bridge,,Ukraine,1.0,,,,,,,,,,1.0,,,
Command Posts And Communications Stations,R-381T2M 1.5-3000 MHz radio monitoring station from a modernised R-381TM Taran-M automatic signals intelligence complex,,Russia,4,,,1.0,,,,,,,3.0,,,Engineering Vehicles And Equipment,KrAZ-255B with excavator,,the Soviet Union,2.0,,,,1.0,,,,,,1.0,,,
Command Posts And Communications Stations,Orlan-10 UAV control station,,Russia,1,,,,,,,,,,1.0,,,Engineering Vehicles And Equipment,KrAZ-255B pontoon bridge layer,,the Soviet Union,1.0,,,,1.0,,,,,,,,,
Command Posts And Communications Stations,P-230T command vehicle,,Russia,3,,,,,,,,,,3.0,,,Engineering Vehicles And Equipment,KrAZ-260 pontoon bridge layer,,the Soviet Union,3.0,,,,,,,,,,3.0,,,
Command Posts And Communications Stations,MPUS-K mobile command post,,Russia,1,,,,,,,,,,1.0,,,Engineering Vehicles And Equipment,GMZ-3 minelayer,,the Soviet Union,3.0,,,,2.0,,,,,,1.0,,,
Command Posts And Communications Stations,Unknown communications station based on the KamAZ 6x6,,Russia,7,,,,,,,,1.0,,6.0,,,Engineering Vehicles And Equipment,PZM-2 trench-digging vehicle,,the Soviet Union,1.0,,,,,,,,,,1.0,,,
Command Posts And Communications Stations,Unknown communications station,,Russia,1,,,,,,,,,,1.0,,,Engineering Vehicles And Equipment,UMP-350 engine heater,,the Soviet Union,1.0,,,,1.0,,,,,,,,,
Engineering Vehicles And Equipment,UR-67 mine clearing charge on BTR-D APC,,the Soviet Union,1,,,1.0,,,,,,,,,,Engineering Vehicles And Equipment,ARS-14 decontamination and degassing vehicle,,the Soviet Union,3.0,,,,3.0,,,,,,,,,
Engineering Vehicles And Equipment,UR-77 'Meteorit'  mine clearing vehicle,,the Soviet Union,24,2.0,,16.0,,,,,,,6.0,,,Engineering Vehicles And Equipment,Ural-4320 KT-L recovery vehicle,,the Soviet Union,1.0,,,,,,,,,,1.0,,,
Engineering Vehicles And Equipment,GMZ-3 minelayer,,the Soviet Union,3,,,3.0,,,,,,,,,,Self-Propelled Anti-Tank Missile Systems,9P148 Konkurs ATGM carrier,,the Soviet Union,19.0,,1.0,,10.0,,,,,,8.0,,,
Engineering Vehicles And Equipment,RKhM-6 Povozka,,Russia,3,,,,,,,,,,3.0,,,Self-Propelled Anti-Tank Missile Systems,9P149 Shturm-S ATGM carrier,,the Soviet Union,2.0,,,,1.0,,,,1.0,,,,,
Engineering Vehicles And Equipment,RKhM-6 Povozka,with RP-377VM1 jammer,Russia,1,,,,,,,,,,1.0,,,Artillery Support Vehicles And Equipment,1V13 battery command and forward observer vehicle,,the Soviet Union,2.0,,,,,,,,,,2.0,,,
Engineering Vehicles And Equipment,RKhM-6 CBRN reconnaissance vehicle,,the Soviet Union,5,,,1.0,,,,,,,4.0,,,Artillery Support Vehicles And Equipment,1V14 battery command and forward observer vehicle,,the Soviet Union,6.0,,,,1.0,,,,,,5.0,,,
Engineering Vehicles And Equipment,BAT-2 heavy engineering vehicle,,the Soviet Union,6,,,3.0,,,,,,,3.0,,,Artillery Support Vehicles And Equipment,1V15 battery command and forward observer vehicle,,the Soviet Union,4.0,,,,4.0,,,,,,,,,
Engineering Vehicles And Equipment,MDK-3 trench-digging vehicle,,the Soviet Union,3,,,1.0,,,1.0,,,,1.0,,,Artillery Support Vehicles And Equipment,1V16M artillery battalion command and staff vehicle,,the Soviet Union,1.0,,,,,,,,,,1.0,,,
Engineering Vehicles And Equipment,PZM-2 trench-digging vehicle,,the Soviet Union,1,,,1.0,,,,,,,,,,Artillery Support Vehicles And Equipment,1V18 'Klyon-1' artillery command and forward observer vehicle,,the Soviet Union,7.0,,,,7.0,,,,,,,,,
Engineering Vehicles And Equipment,BTS-4A armoured recovery vehicle,,the Soviet Union,1,,,1.0,,,,,,,,,,Artillery Support Vehicles And Equipment,9T452 transporter-loader (for BM-27 'Uragan' MRL),,the Soviet Union,2.0,,,,,,,,,,2.0,,,
Engineering Vehicles And Equipment,BREM-1 armoured recovery vehicle,,the Soviet Union,24,3.0,,13.0,,,,,,,8.0,,,Towed Artillery,100mm BS-3 anti-tank gun,,the Soviet Union,3.0,,,,2.0,,,,,,1.0,,,
Engineering Vehicles And Equipment,BREM-2 armoured recovery vehicle,,the Soviet Union,1,,,1.0,,,,,,,,,,Towed Artillery,100mm MT-12 anti-tank gun,,the Soviet Union,16.0,,1.0,,11.0,,1.0,,,,3.0,,,
Engineering Vehicles And Equipment,BREM-Ch ''BREM-4'' armoured recovery vehicle,,the Czech Republic,4,1.0,,1.0,,,,,,,2.0,,,Towed Artillery,105mm L119 howitzer,,the United Kingdom,1.0,,,,,,1.0,,,,,,,
Engineering Vehicles And Equipment,BREM-D armoured recovery vehicle,,Russia,3,,,2.0,,,,,,,1.0,,,Towed Artillery,122mm D-30 howitzer,,the Soviet Union,3.0,,,,2.0,,,,,,1.0,,,
Engineering Vehicles And Equipment,BREM-K armoured recovery vehicle,,Russia,3,,,3.0,,,,,,,,,,Towed Artillery,152mm D-20 gun-howitzer,,the Soviet Union,7.0,,,,1.0,,1.0,,,,5.0,,,
Engineering Vehicles And Equipment,REM-KL recovery vehicle,,Russia,8,,,1.0,,,1.0,,,,6.0,,,Towed Artillery,152mm 2A36 Giatsint-B field-gun,,the Soviet Union,11.0,,,9.0,1.0,,1.0,,,,,,,
Engineering Vehicles And Equipment,MTP-A2 recovery vehicle,,Russia,3,1.0,,,,,,,,,2.0,,,Towed Artillery,152mm 2A65 Msta-B howitzer,,the Soviet Union,4.0,,2.0,,1.0,,1.0,,,,,,,
Engineering Vehicles And Equipment,MTP-A2.1 recovery vehicle,,Russia,3,,,1.0,,,,,,,2.0,,,Towed Artillery,155mm FH-70,,Estonia,2.0,,,,,,1.0,,,,1.0,,,
Engineering Vehicles And Equipment,Ural-4320 KET-L recovery vehicle,,Russia,2,,,1.0,,,,,,,1.0,,,Towed Artillery,155mm M777A2 howitzer,,the United States,39.0,,,,,,7.0,,,,32.0,,,
Engineering Vehicles And Equipment,Ural-4320 KT-L recovery vehicle,,Russia,5,,,2.0,,,,,,,3.0,,,Towed Artillery,Unknown towed artillery,,Ukraine,14.0,,,,,,4.0,,,,10.0,,,
Engineering Vehicles And Equipment,IMR-2(M) combat engineering vehicle,,the Soviet Union,23,2.0,1.0,9.0,,,,1.0,1.0,,9.0,,,Self-Propelled Artillery,120mm Bars-8MMK,,Ukraine,2.0,,,,,,,,,,2.0,,,
Engineering Vehicles And Equipment,IMR-3M combat engineering vehicle,,Russia,1,,,,,,,,1.0,,,,,Self-Propelled Artillery,120mm BTR-3M2,,Ukraine,3.0,,,,2.0,,,,,,1.0,,,
Engineering Vehicles And Equipment,PTS-2  tracked amphibious transport,,the Soviet Union,13,4.0,,2.0,,,,1.0,1.0,,5.0,,,Self-Propelled Artillery,120mm 2S9 Nona,,the Soviet Union,2.0,,,,,,,,,,2.0,,,
Engineering Vehicles And Equipment,TMM-3 bridge layer,,the Soviet Union,25,1.0,,13.0,,,,1.0,3.0,,7.0,,,Self-Propelled Artillery,122mm 2S1 Gvozdika,,the Soviet Union,41.0,,,,12.0,,2.0,,,,27.0,,,
Engineering Vehicles And Equipment,MTU-72 bridge layer,,Russia,2,,,1.0,,,,,,,1.0,,,Self-Propelled Artillery,152mm 2S3 Akatsiya,,the Soviet Union,23.0,,,,8.0,,2.0,,,,13.0,,,
Engineering Vehicles And Equipment,PMP floating bridge,,the Soviet Union,10,,,1.0,,,,,1.0,,8.0,,,Self-Propelled Artillery,152mm 2S5 Giatsint-S,,the Soviet Union,4.0,,,,3.0,,,,,,1.0,,,
Engineering Vehicles And Equipment,PP-2005 floating bridge,,Russia,28,9.0,,4.0,,,,4.0,,,11.0,,,Self-Propelled Artillery,152mm 2S19 Msta-S,,the Soviet Union,4.0,,,,,,3.0,,,,1.0,,,
Engineering Vehicles And Equipment,Pontoon bridge,,Russia,10,1.0,,3.0,,,,,,,6.0,,,Self-Propelled Artillery,155mm M109A3/A4/A5,,Norway,8.0,,,,,,3.0,,,,5.0,,,
Engineering Vehicles And Equipment,BMK-130M/BMK-150 towing and motor boat,,the Soviet Union,1,,,1.0,,,,,,,,,,Self-Propelled Artillery,155mm AHS Krab,,Poland,9.0,,,,,,2.0,,,,7.0,,,
Engineering Vehicles And Equipment,BMK-460 towing and motor boat,,the Soviet Union,9,7.0,,,,,,,,,2.0,,,Self-Propelled Artillery,203mm 2S7 Pion,,the Soviet Union,8.0,,,,1.0,,4.0,,1.0,,2.0,,,
Engineering Vehicles And Equipment,BMK-MT towing and motor boat,,the Soviet Union,2,,,,,,,,,,2.0,,,Self-Propelled Artillery,155mm ShKH Zuzana 2,,Slovakia,1.0,,,,,,,,,,1.0,,,
Engineering Vehicles And Equipment,BMK-MO towing and motor boat,,the Soviet Union,2,,,1.0,,,1.0,,,,,,,Self-Propelled Artillery,155mm Caesar,,France,1.0,,,,,,,,,,1.0,,,
Engineering Vehicles And Equipment,KrAZ-255B with excavator,,the Soviet Union,1,,,,,,,,,,1.0,,,Self-Propelled Artillery,155mm Panzerhaubitze 2000,,Germany,1.0,,,,,,1.0,,,,,,,
Engineering Vehicles And Equipment,KamAZ-5350 with EOV-3523 excavator,,Russia,9,,,5.0,,,,,,,4.0,,,Self-Propelled Artillery,Unknown SPG,,Ukraine,3.0,,,,,,,,,,3.0,,,
Engineering Vehicles And Equipment,KamAZ-5350 with KS-45719-7M crane,,Russia,5,,,2.0,,,,,,,3.0,,,Multiple Rocket Launchers,80mm B-8 makeshift MRL,,Ukraine,1.0,,,,,,,,,,1.0,,,
Engineering Vehicles And Equipment,Ural-4320 with KS-3574M3 or KS-3574M crane,,Russia,4,,,1.0,,,,,,,3.0,,,Multiple Rocket Launchers,122mm BM-21 Grad,,the Soviet Union,27.0,,,,4.0,,2.0,,,,21.0,,,
Engineering Vehicles And Equipment,KamAZ-63501 with KS-55729-7M 32-ton crane,,Russia,1,,,,,,,,,,1.0,,,Multiple Rocket Launchers,122mm Bastion-1,,Ukraine,1.0,,,,,,,,,,1.0,,,
Engineering Vehicles And Equipment,KamAZ KMV-10V boom crane truck,,Russia,4,,,1.0,,,,,,,3.0,,,Multiple Rocket Launchers,220mm BM-27 Uragan,,the Soviet Union,5.0,,,,4.0,,,,,,1.0,,,
Engineering Vehicles And Equipment,Ural-4320 with excavator,,Russia,1,,,,,,,,,,1.0,,,Multiple Rocket Launchers,220mm Bureviy,,Ukraine,1.0,,,,,,,,,,1.0,,,
Engineering Vehicles And Equipment,ED2x30-T400-3RA mobile generator,,Russia,1,,,,,,1.0,,,,,,,Multiple Rocket Launchers,122mm RM-70,,the Czech Republic,1.0,,,,,,1.0,,,,,,,
Engineering Vehicles And Equipment,Mobile generator for Podlet-K1 low-altitude S-band surveillance radar,,Russia,1,,,,,,,,,,1.0,,,Anti-Aircraft Guns,23mm ZU-23,,the Soviet Union,3.0,,,,3.0,,,,,,,,,
Engineering Vehicles And Equipment,MTO-UB1 maintenance vehicle,,Russia,3,,,2.0,,,,,,,1.0,,,Anti-Aircraft Guns,23mm 23 ItK 61,,Finland,1.0,,,,1.0,,,,,,,,,
Engineering Vehicles And Equipment,MTO-AT mobile workshop,,Russia,2,,,1.0,,,,,,,1.0,,,Self-Propelled Anti-Aircraft Guns,ZSU-23-4 Shilka,,the Soviet Union,3.0,,,,2.0,,1.0,,,,,,,
Engineering Vehicles And Equipment,MTO-AG-3M,,Russia,1,,,,,,,,,,1.0,,,Self-Propelled Anti-Aircraft Guns,2K22M Tunguska-M,,the Soviet Union,1.0,,,,1.0,,,,,,,,,
Engineering Vehicles And Equipment,ARS-14 decontamination and degassing vehicle,,Russia,3,,,2.0,,,,,,,1.0,,,Surface-To-Air Missile Systems,9K33 Osa,,the Soviet Union,17.0,,,,4.0,,1.0,,,,12.0,,,
Engineering Vehicles And Equipment,Uran-6 mine-clearing robotic system,,Russia,1,,,,,,,,,,1.0,,,Surface-To-Air Missile Systems,9K35 Strela-10,,the Soviet Union,10.0,,1.0,,,,,,,,9.0,,,
Engineering Vehicles And Equipment,APA-80 engine starting vehicle,,the Soviet Union,1,,,,,,,,,,1.0,,,Surface-To-Air Missile Systems,9A310M1 TELAR (for Buk-M1),,the Soviet Union,8.0,,,,1.0,,1.0,,,,6.0,,,
Self-Propelled Anti-Tank Missile Systems,9P148 Konkurs,,the Soviet Union,3,,,,,,,,1.0,,2.0,,,Surface-To-Air Missile Systems,9A39M1 TEL (for Buk-M1),,the Soviet Union,3.0,,,,,,,,,,3.0,,,
Self-Propelled Anti-Tank Missile Systems,9P149 Shturm-S,,the Soviet Union,32,4.0,,19.0,,,,,,,9.0,,,Surface-To-Air Missile Systems,5P851A  (launcher for S-300PT),,the Soviet Union,20.0,,,,,,,,,,20.0,,,
Self-Propelled Anti-Tank Missile Systems,9P163M-1 Kornet-T,,Russia,2,,,,,,,,,,2.0,,,Surface-To-Air Missile Systems,5P85D (launcher for S-300PS),,the Soviet Union,2.0,,,,1.0,,,,,,1.0,,,
Artillery Support Vehicles And Equipment,1V110 BM-21 Grad battery command vehicle,,the Soviet Union,1,,,,1.0,,,,,,,,,Surface-To-Air Missile Systems,5P85S (launcher for S-300PS),,the Soviet Union,10.0,,,,1.0,,1.0,,,,8.0,,,
Artillery Support Vehicles And Equipment,1V13(M) battery fire control center,,the Soviet Union,16,1.0,2.0,9.0,,,,,1.0,,3.0,,,Surface-To-Air Missile Systems,5P85D/S (launcher for S-300PS),,the Soviet Union,14.0,,,,,,,,,,14.0,,,
Artillery Support Vehicles And Equipment,1V14 battery command and forward observer vehicle,,the Soviet Union,13,1.0,,10.0,,,,,1.0,,1.0,,,Surface-To-Air Missile Systems,Launcher for S-300,,the Soviet Union,3.0,,,,,,,,,,3.0,,,
Artillery Support Vehicles And Equipment,1V15M fire control and observation vehicle,,the Soviet Union,1,,,,,,,,,,1.0,,,Radars And Communications Equipment,P-14 'Tall King',,the Soviet Union,1.0,,,,,,1.0,,,,,,,
Artillery Support Vehicles And Equipment,1V16 battalion fire direction vehicle,,the Soviet Union,1,,,1.0,,,,,,,,,,Radars And Communications Equipment,P-18 'Spoon Rest D',,the Soviet Union,4.0,,,,1.0,,,,,,3.0,,,
Artillery Support Vehicles And Equipment,1V18 'Klyon-1' artillery command and forward observer vehicle,,the Soviet Union,1,,,,,,,,,,1.0,,,Radars And Communications Equipment,P-18 'Malakhit',,Ukraine,3.0,,,,1.0,,,,,,2.0,,,
Artillery Support Vehicles And Equipment,1V119 artillery fire direction vehicle,,the Soviet Union,11,,,8.0,,,,,1.0,,2.0,,,Radars And Communications Equipment,P-19 'Flat Face B',,the Soviet Union,2.0,,,,,,,,,,2.0,,,
Artillery Support Vehicles And Equipment,1V1003 command and observation vehicle (for 1V198 artillery fire control system),,Russia,1,,,1.0,,,,,,,,,,Radars And Communications Equipment,P-35/37 'Bar Lock',,the Soviet Union,1.0,,,,,,,,,,1.0,,,
Artillery Support Vehicles And Equipment,9T452 transporter-loader (for BM-27 'Uragan' MRL),,the Soviet Union,37,,,11.0,,,,,,,26.0,,,Radars And Communications Equipment,PRV-11 'Side Net',,the Soviet Union,1.0,,,,1.0,,,,,,,,,
Artillery Support Vehicles And Equipment,TZM-T reloader vehicle (for TOS-1A),,Russia,7,,1.0,4.0,,,,,,,2.0,,,Radars And Communications Equipment,PRV-13 'Odd Pair',,the Soviet Union,2.0,,,,1.0,,,,,,1.0,,,
Artillery Support Vehicles And Equipment,2F77M transloading vehicle for 2K22M Tunguska-M,,Russia,1,,,,,,,,1.0,,,,,Radars And Communications Equipment,1L22 'Parol',,the Soviet Union,4.0,,,,1.0,,1.0,,,,2.0,,,
Artillery Support Vehicles And Equipment,PRP-4A Argus artillery reconnaissance vehicle,,Russia,1,,,1.0,,,,,,,,,,Radars And Communications Equipment,36D6 'Tin Shield',,the Soviet Union,10.0,,,,1.0,,1.0,,,,8.0,,,
Towed Artillery,100mm MT-12 anti-tank gun,,the Soviet Union,9,,,7.0,,,,,,,2.0,,,Radars And Communications Equipment,5N63S 'Flap Lid B' (for S-300PS),,the Soviet Union,8.0,,,,,,,,,,8.0,,,
Towed Artillery,120mm 2B16 Nona-K howitzer,,the Soviet Union,11,2.0,,7.0,,,,,1.0,,1.0,,,Radars And Communications Equipment,5N63-1 'Flap Lid A' on 40V6M mast (for S-300PT),,the Soviet Union,1.0,,,,1.0,,,,,,,,,
Towed Artillery,2B9 Vasilek 82mm automatic gun mortar,,the Soviet Union,5,,,4.0,,,,,,,1.0,,,Radars And Communications Equipment,5N66M 'Clam Shell' on 40V6M mast (for S-300PT),,the Soviet Union,2.0,,1.0,,1.0,,,,,,,,,
Towed Artillery,122mm D-30 howitzer,,the Soviet Union,39,2.0,,31.0,,,,,1.0,,5.0,,,Radars And Communications Equipment,"R-410-7,5 tropospheric radio relay communication station",,the Soviet Union,1.0,,,,,,,,,,1.0,,,
Towed Artillery,152mm D-20 gun-howitzer,,the Soviet Union,8,,,2.0,,,1.0,,,,5.0,,,Radars And Communications Equipment,SNAR-10 battlefield surveillance radar,,the Soviet Union,3.0,,,,2.0,,,,,,1.0,,,
Towed Artillery,152mm 2A65 Msta-B howitzer,,the Soviet Union,75,1.0,,28.0,,,4.0,,4.0,,37.0,,,Radars And Communications Equipment,PRV-16 'Thin Skin B',,the Soviet Union,1.0,,,,,,,,,,1.0,,,
Towed Artillery,152mm 2A36 Giatsint-B,,the Soviet Union,13,,,6.0,,,1.0,,2.0,,4.0,,,Radars And Communications Equipment,1B44-1 (RPMK-1) radiosonde weather radar,,the Soviet Union,1.0,,,,,,,,,,1.0,,,
Towed Artillery,Unknown towed artillery,,Russia,4,,,,,,,,,,4.0,,,Radars And Communications Equipment,PRV-16ML height-finder radar,,Lithuania,1.0,,,,,,,,,,1.0,,,
Self-Propelled Artillery,120mm 2S9 Nona,,the Soviet Union,22,,,5.0,,,,,,,17.0,,,Radars And Communications Equipment,P-18ML long-range VHF surveillance radar,,Lithuania,1.0,,,,,,1.0,,,,,,,
Self-Propelled Artillery,120mm 2S23 Nona-SVK,,Russia,4,,,3.0,,,,,,,1.0,,,Radars And Communications Equipment,AN/TPQ-36 lightweight counter mortar radar,,the United States,1.0,,,,,,1.0,,,,,,,
Self-Propelled Artillery,120mm 2S34 Khosta,,Russia,2,,,2.0,,,,,,,,,,Radars And Communications Equipment,AN/TPQ-49 lightweight counter mortar radar,,the United States,1.0,,,,1.0,,,,,,,,,
Self-Propelled Artillery,122mm 2S1 Gvozdika,,the Soviet Union,41,1.0,,8.0,,,,2.0,,,30.0,,,Jammers And Deception Systems,NOTA,,Ukraine,1.0,,,,1.0,,,,,,,,,
Self-Propelled Artillery,152mm 2S3(M) Akatsiya,,the Soviet Union,97,2.0,,31.0,,,3.0,,,,61.0,,,Aircraft,MiG-29 fighter aircraft,,the Soviet Union,16.0,,,,,,,,,,16.0,,,
Self-Propelled Artillery,152mm 2S5 Giatsint-S,,the Soviet Union,19,,,6.0,,,1.0,,,,12.0,,,Aircraft,Su-27 fighter aircraft,,the Soviet Union,7.0,,,,,,,,,,7.0,,,
Self-Propelled Artillery,152mm 2S19 Msta-S,,the Soviet Union,99,2.0,2.0,32.0,,,3.0,,,,60.0,,,Aircraft,Su-25 close air support aircraft,,the Soviet Union,16.0,,,,,,,,,1.0,15.0,,,
Self-Propelled Artillery,152mm 2S33 Msta-SM2,,Russia,24,,,15.0,,,,,1.0,,8.0,,,Aircraft,Su-24M strike aircraft,,the Soviet Union,13.0,,,,,,,,,,13.0,,,
Self-Propelled Artillery,203mm 2S7M Malka,,the Soviet Union,6,,,1.0,,,1.0,,,,4.0,,,Aircraft,Unknown fighter/strike aircraft,,Ukraine,1.0,,,,,,,,,,1.0,,,
Self-Propelled Artillery,240mm 2S4 Tyulpan,,the Soviet Union,4,,,,,,,,,,4.0,,,Aircraft,Il-76 transport aircraft,,the Soviet Union,2.0,,,,1.0,,,,,,1.0,,,
Self-Propelled Artillery,Unknown SPG,,Russia,9,,,,,,2.0,,,,7.0,,,Aircraft,An-26 transport aircraft,,the Soviet Union,2.0,,,,,,,,,,2.0,,,
Multiple Rocket Launchers,122mm BM-21 Grad,,the Soviet Union,101,2.0,1.0,32.0,,,3.0,,4.0,,59.0,,,Helicopters,Mi-2 training helicopter,,the Soviet Union,4.0,,,,3.0,,,,,,1.0,,,
Multiple Rocket Launchers,122mm 9P138 Grad-1,,the Soviet Union,3,,,,,,,,1.0,,2.0,,,Helicopters,Mi-8 transport helicopter,,the Soviet Union,21.0,,,,,,1.0,,,,20.0,,,
Multiple Rocket Launchers,220mm BM-27 Uragan,,the Soviet Union,47,,,6.0,2.0,,,,,,39.0,,,Helicopters,Mi-14 maritime helicopter,,the Soviet Union,1.0,,,,,,,,,,1.0,,,
Multiple Rocket Launchers,300mm BM-30 Smerch,,the Soviet Union,1,,,,,,,,,,1.0,,,Helicopters,Mi-24P attack helicopter,,the Soviet Union,2.0,,,,,,,,,,2.0,,,
Multiple Rocket Launchers,122mm 2B17 Tornado-G,,Russia,13,,,6.0,,,,,2.0,,5.0,,,Helicopters,Mi-24 attack helicopter,,the Soviet Union,1.0,,,,,,,,,,1.0,,,
Multiple Rocket Launchers,220mm TOS-1A,,Russia,5,,,2.0,,,,,2.0,,1.0,,,Unmanned Combat Aerial Vehicles,Bayraktar TB2 UCAV,,Turkey,15.0,,,,,,,,,,15.0,,,
Multiple Rocket Launchers,Unknown MRL,,Russia,2,,,,,,,,,,2.0,,,Unmanned Aerial Vehicles,A1-SM Fury,,Ukraine,18.0,,,,10.0,,,,,,8.0,,,
Anti-Aircraft Guns,23mm ZU-23-2,,the Soviet Union,16,,,12.0,,,,,1.0,,3.0,,,Unmanned Aerial Vehicles,ASU-1 Valkyrja,,Ukraine,4.0,,,,2.0,,,,,,2.0,,,
Self-Propelled Anti-Aircraft Guns,BTR-ZD Skrezhet,,the Soviet Union,3,,,2.0,,,,,,,1.0,,,Unmanned Aerial Vehicles,UJ-22,,Ukraine,1.0,,,,,,,,,,1.0,,,
Self-Propelled Anti-Aircraft Guns,ZSU-23-4 Shilka,,the Soviet Union,7,1.0,,4.0,,,,,1.0,,1.0,,,Unmanned Aerial Vehicles,Leleka-100,,Ukraine,10.0,,,,5.0,,,,1.0,,4.0,,,
Self-Propelled Anti-Aircraft Guns,2K22M1 Tunguska,,Russia,13,1.0,5.0,1.0,,,,1.0,,,5.0,,,Unmanned Aerial Vehicles,Spaitech Sparrow,,Ukraine,2.0,,,,2.0,,,,,,,,,
Surface-To-Air Missile Systems,9K33 Osa,,the Soviet Union,9,1.0,,3.0,,,,1.0,,,4.0,,,Unmanned Aerial Vehicles,Spectator-M1,,Ukraine,3.0,,,,1.0,,,,,,2.0,,,
Surface-To-Air Missile Systems,9K35 Strela-10,,the Soviet Union,14,2.0,,4.0,,,,,,,8.0,,,Unmanned Aerial Vehicles,PD-1,,Ukraine,1.0,,,,1.0,,,,,,,,,
Surface-To-Air Missile Systems,9A310M1-2 TELAR (for Buk-M1-2),,Russia,4,,,,,,1.0,,,,3.0,,,Unmanned Aerial Vehicles,ITEC Skif,,Ukraine,1.0,,,,1.0,,,,,,,,,
Surface-To-Air Missile Systems,9A39M1-2 TEL (for Buk-M1-2),,Russia,5,,,,,,,,,,5.0,,,Unmanned Aerial Vehicles,Orlik UAV,,Ukraine,1.0,,,,,,,,,,1.0,,,
Surface-To-Air Missile Systems,9A317 TELAR (for Buk-M2),,Russia,9,,,1.0,,,1.0,,,,7.0,,,Unmanned Aerial Vehicles,Shark UAV,,Ukraine,1.0,,,,1.0,,,,,,,,,
Surface-To-Air Missile Systems,9A316 TEL (for Buk-M2),,Russia,3,,,3.0,,,,,,,,,,Unmanned Aerial Vehicles,FlyEye,,Poland,3.0,,,,1.0,,,,,,2.0,,,
Surface-To-Air Missile Systems,Unknown Buk SAM system,,Russia,4,,,,,,,,,,4.0,,,Unmanned Aerial Vehicles,Penguin C,,Latvia,1.0,,,,1.0,,,,,,,,,
Surface-To-Air Missile Systems,9A330 Tor TLAR (for 9K330 Tor),,the Soviet Union,8,,,3.0,,,,,3.0,,2.0,,,Unmanned Aerial Vehicles,Bayraktar Mini,,Turkey,2.0,,,,1.0,,,,,,1.0,,,
Surface-To-Air Missile Systems,9A331 TLAR (for 9K331 Tor-M1),,Russia,9,,1.0,2.0,,,,,,,6.0,,,Unmanned Aerial Vehicles,AeroVironment RQ-20 Puma,,the United States,1.0,,,,1.0,,,,,,,,,
Surface-To-Air Missile Systems,9A331M TLAR (for 9K332 Tor-M2),,Russia,8,1.0,,2.0,,,1.0,,,,4.0,,,Unmanned Aerial Vehicles,Malloy Aeronautics T150 cargo UAV,,the United Kingdom,1.0,,,,1.0,,,,,,,,,
Surface-To-Air Missile Systems,9K331MDT Tor-M2DT,,Russia,2,,,,,,,,,,2.0,,,Unmanned Aerial Vehicles,Unknown reconnaissance UAV,,Ukraine,8.0,,,,,,,,,,8.0,,,
Surface-To-Air Missile Systems,Pantsir-S1,,Russia,14,,1.0,2.0,,,,,,,11.0,,,Naval Ships,Krivak III-class frigate 'Hetman Sahaydachniy',,the Soviet Union,1.0,,,,,,,,,,,1.0,,
Surface-To-Air Missile Systems,5P85SM2-01 (launcher for S-400),,Russia,1,,,,,,,,,,1.0,,,Naval Ships,Gyurza-M-class gunboat,,Ukraine,1.0,,,,,,1.0,,,,,,,
Surface-To-Air Missile Systems,5P85SD/SM (launcher for S-300 PMU(-1)),,the Soviet Union,2,,,,,,,,,,2.0,,,Naval Ships,Gyurza-M-class gunboat,Akkerman 'P174',Ukraine,1.0,,,,1.0,,,,,,,,,
Radars,9S36 (for Buk-M2),,Russia,2,,,1.0,,,,,,,1.0,,,Naval Ships,Gyurza-M-class gunboat,Kremenchuk 'P177',Ukraine,1.0,,,,1.0,,,,,,,,,
Radars,48Ya6-K1 Podlet-K1 low-altitude S-band surveillance radar,,Russia,2,,,,,,,,,,2.0,,,Naval Ships,Gyurza-M-class gunboat,Lubny 'P178',Ukraine,1.0,,,,,,,,,,,,,1.0
Radars,9S18М1(-2) (for Buk-M2),,Russia,1,,,1.0,,,,,,,,,,Naval Ships,Gyurza-M-class gunboat,Vyshhorod 'P179',Ukraine,1.0,,,,1.0,,,,,,,,,
Radars,9S18М1(-3) (for Buk-M3),,Russia,1,,,,,,,,,,1.0,,,Naval Ships,Island-class patrol boat P190 Slovyansk,,the United States,1.0,,,,,,,,,,,,1.0,
Radars,9S18 Kupol TUBE ARM Search and Acquisition Radar for Buk-M2,,Russia,1,,,,,,,,,,1.0,,,Naval Ships,Stenka-class patrol boat (Operated by the Sea Guard),BG-32 'Donbass',the Soviet Union,1.0,,,,,,,,,,,,1.0,
Radars,PPRU-1(M) '9S80(-1)' 'Sborka' (for 9K35 Strela-10),,Russia,2,,,1.0,,,,,,,1.0,,,Naval Ships,Zhuk-class patrol boat (Sea Guard),'BG 108',the Soviet Union,1.0,,,,,,,,,,1.0,,,
Radars,Fara ground surveillance radar,,Russia,2,,,2.0,,,,,,,,,,Naval Ships,Zhuk-class patrol boat (Sea Guard),'BG 118',the Soviet Union,1.0,,,,1.0,,,,,,,,,
Radars,SNAR-10M1 battlefield surveillance radar,,Russia,1,,,1.0,,,,,,,,,,Naval Ships,Zhuk-class patrol boat (Sea Guard),unknown ID,the Soviet Union,1.0,,,,1.0,,,,,,,,,
Radars,1L261 (for 1L260 Zoopark-1M counter-battery radar complex),,Russia,6,,,2.0,,,1.0,,,,3.0,,,Naval Ships,Sorum-class seagoing tugboat 'Korets' ''A830 or P186'',,the Soviet Union,1.0,,,,1.0,,,,,,,,,
Radars,1L271 portable mortar locating reconnaissance radar,,Russia,1,,,1.0,,,,,,,,,,Naval Ships,Project 1258 Yevgenya-class minesweeper 'Henichesk',,the Soviet Union,1.0,,,,,,,,,,,,1.0,
Radars,P-18T,,Russia,1,,,,,,,,,,1.0,,,Naval Ships,Pr.304 Amur-class command ship 'Donbas' ''U-500'',,Poland,1.0,,,,,,,,,,1.0,,,
Radars,P-18-2 2D VHF surveillance radar,,Russia,1,,,,,,,,,,1.0,,,Naval Ships,Project 58181 Centaur-class fast assault boat,DSHK-1 Stanislav,Ukraine,1.0,,,,,,,,,,,,1.0,
Radars,Unknown radar,,Russia,2,,,,,,,,,,2.0,,,Naval Ships,UMS 600 patrol boat,BG 721,Ukraine,1.0,,,,1.0,,,,,,,,,
Jammers And Deception Systems,R-330BMV Borisoglebsk-2B,,Russia,7,,,2.0,,,1.0,,,,4.0,,,Naval Ships,UMS-1000 patrol boat,BG 14,Ukraine,1.0,,,,1.0,,,,,,,,,
Jammers And Deception Systems,R-330ZH Zhitel,,Russia,4,,,,,,,,,,4.0,,,Naval Ships,UMS-1000 patrol boat,BG 23,Ukraine,1.0,,,,1.0,,,,,,,,,
Jammers And Deception Systems,1L262E Rtut-BM,,Russia,1,,,,,,,,,,1.0,,,Naval Ships,UMS-1000 patrol boat,BG 309,Ukraine,1.0,,,,1.0,,,,,,,,,
Jammers And Deception Systems,Torn(-MDM),,Russia,1,,,1.0,,,,,,,,,,Naval Ships,UMS-1000 patrol boat,BG 4,Ukraine,1.0,,,,1.0,,,,,,,,,
Jammers And Deception Systems,Silok-01 counter-UAV system,,Russia,4,,,1.0,,,1.0,,,,2.0,,,Naval Ships,UMS-1000 patrol boat,unknown ID,Ukraine,1.0,,,,,,,,1.0,,,,,
Jammers And Deception Systems,1RL257 Krasukha-4 (command post),,Russia,1,,,1.0,,,,,,,,,,Naval Ships,Project 50030 Kalkan class patrol boat,BG 310,Ukraine,1.0,,,,1.0,,,,,,,,,
Jammers And Deception Systems,Leer-2 electronic warfare system,,Russia,1,,,,,,,,,,1.0,,,Naval Ships,Project 50030 Kalkan class patrol boat,BG 311,Ukraine,1.0,,,,1.0,,,,,,,,,
Jammers And Deception Systems,RLK-MC-A (ROSC-1) counter-UAV system,,Russia,1,,,,,,,,,,1.0,,,Naval Ships,Project 50030 Kalkan class patrol boat,BG ??8,Ukraine,1.0,,,,1.0,,,,,,,,,
Jammers And Deception Systems,RB-636AM2 Svet-KU EW system,,Russia,1,,,1.0,,,,,,,,,,Naval Ships,Unkown patrol boat,unknown ID,Ukraine,1.0,,,,1.0,,,,,,,,,
Jammers And Deception Systems,Unknown EW system,,Russia,1,,,,,,,,,,1.0,,,"Trucks, Vehicles and Jeeps",KrAZ-255B,,the Soviet Union,7.0,,,,2.0,,,,,,5.0,,,
Aircraft,MiG-31BM fighter aircraft,,Russia,1,,,,,,,,,,,1.0,,"Trucks, Vehicles and Jeeps",KrAZ-260,,the Soviet Union,4.0,,,,3.0,,,,,,1.0,,,
Aircraft,Su-30SM multirole aircraft,,Russia,11,,,,,,,,,1.0,10.0,,,"Trucks, Vehicles and Jeeps",KrAZ-6322,,Ukraine,34.0,,,,14.0,,,,1.0,,19.0,,,
Aircraft,Su-35S multirole aircraft,,Russia,1,,,,,,,,,,1.0,,,"Trucks, Vehicles and Jeeps",Armoured KrAZ-6322,,Ukraine,3.0,,,,3.0,,,,,,,,,
Aircraft,Su-25 close air support aircraft,,the Soviet Union,25,,,,,,2.0,,,1.0,19.0,3.0,,"Trucks, Vehicles and Jeeps",KrAZ-5233,,Ukraine,23.0,,,,12.0,,,,,,11.0,,,
Aircraft,Su-24MR tactical reconnaissance aircraft,,the Soviet Union,1,,,,,,,,,,1.0,,,"Trucks, Vehicles and Jeeps",Bogdan-63172,,Ukraine,19.0,,2.0,,1.0,,1.0,,,,15.0,,,
Aircraft,Su-24M/MR strike/tactical reconnaissance aircraft,,the Soviet Union,8,,,,,,1.0,,,1.0,5.0,1.0,,"Trucks, Vehicles and Jeeps",Bogdan-63172 'Kozak',,Ukraine,5.0,,,,1.0,,,,,,4.0,,,
Aircraft,Su-34 strike aircraft,,Russia,17,,,,,,,,,,14.0,3.0,,"Trucks, Vehicles and Jeeps",9T217 transloader (for 9K33 Osa),,the Soviet Union,4.0,,,,,,,,,,4.0,,,
Aircraft,Su-34M strike aircraft,,Russia,1,,,,,,,,,,1.0,,,"Trucks, Vehicles and Jeeps",GAZ-63,,the Soviet Union,2.0,,,,,,,,,,2.0,,,
Aircraft,Unknown Su-30/Su-34/Su-35,,Russia,1,,,,,,,,,,1.0,,,"Trucks, Vehicles and Jeeps",GAZ-66,,the Soviet Union,68.0,0.0,1.0,,28.0,,2.0,1.0,2.0,,34.0,,,
Aircraft,Tu-22M3 strategic bomber,,the Soviet Union,1,,,,,,1.0,,,,,,,"Trucks, Vehicles and Jeeps",GAZ-66,with 23mm ZU-23,the Soviet Union,1.0,,,,,,,,,,1.0,,,
Aircraft,Tu-95MS strategic bomber,,the Soviet Union,1,,,,,,1.0,,,,,,,"Trucks, Vehicles and Jeeps",GAZ-66,with 82mm 2B9 Vasilek mortar,the Soviet Union,1.0,,,,,,,,,,1.0,,,
Aircraft,An-26 transport aircraft,,the Soviet Union,1,,,,,,,,,,,1.0,,"Trucks, Vehicles and Jeeps",GAZ-66,with ZU-23 AA gun,the Soviet Union,2.0,,,,1.0,,,,,,1.0,,,
Helicopters,Mi-8 transport helicopter,,Russia,16,,1.0,,,,1.0,,,,13.0,1.0,,"Trucks, Vehicles and Jeeps",GAZ-3308,,the Soviet Union,1.0,,,,,,,,,,1.0,,,
Helicopters,Mi-24P attack helicopter,,the Soviet Union,3,,,,,,,,,,3.0,,,"Trucks, Vehicles and Jeeps",ZiL-130,,the Soviet Union,4.0,,,,,,,,,,4.0,,,
Helicopters,Mi-24V/P attack helicopter,,the Soviet Union,1,,,,,,1.0,,,,,,,"Trucks, Vehicles and Jeeps",ZiL-130 tanker,,the Soviet Union,1.0,,,,,,,,,,1.0,,,
Helicopters,Mi-35M attack helicopter,,Russia,6,,,,,,1.0,,,,5.0,,,"Trucks, Vehicles and Jeeps",ZiL-131 tanker,,the Soviet Union,2.0,,,,1.0,,,,,,1.0,,,
Helicopters,Mi-24P/35M attack helicopter,,Russia,1,,,,,,1.0,,,,,,,"Trucks, Vehicles and Jeeps",ZiL-131,,the Soviet Union,90.0,,2.0,,38.0,,1.0,,,,49.0,,,
Helicopters,Mi-28 attack helicopter,,Russia,11,,,,,,4.0,,,,7.0,,,"Trucks, Vehicles and Jeeps",ZiL-131,with ZU-23 AA gun,the Soviet Union,5.0,,,,2.0,,,,,,3.0,,,
Helicopters,Ka-52 'Alligator' attack helicopter,,Russia,31,,2.0,,,,2.0,,1.0,,25.0,1.0,,"Trucks, Vehicles and Jeeps",ZiL-4331,,the Soviet Union,1.0,,,,1.0,,,,,,,,,
Helicopters,Unknown helicopter,,Russia,6,,,,,,,,,,6.0,,,"Trucks, Vehicles and Jeeps",ZiL-157,,the Soviet Union,1.0,,,,1.0,,,,,,,,,
Unmanned Combat Aerial Vehicles,Orion,,Russia,2,,,,,,,,,,2.0,,,"Trucks, Vehicles and Jeeps",ZiL-181,,the Soviet Union,1.0,,,,,,,,,,1.0,,,
Unmanned Combat Aerial Vehicles,Korsar,,Russia,1,,,,,,,,,,1.0,,,"Trucks, Vehicles and Jeeps",Ural-375D,,the Soviet Union,10.0,,,,7.0,,,,,,3.0,,,
Unmanned Combat Aerial Vehicles,Forpost-RU,,Russia,1,,,,,,,,,,1.0,,,"Trucks, Vehicles and Jeeps",Ural-4320,,the Soviet Union,33.0,,,,10.0,,1.0,,1.0,,21.0,,,
Unmanned Combat Aerial Vehicles,Mohajer-6,,Iran,1,,,,,,,,,,1.0,,,"Trucks, Vehicles and Jeeps",Ural-4320,with ZU-23 AA gun,the Soviet Union,1.0,,,,,,,,,,1.0,,,
Unmanned Combat Aerial Vehicles,Orlan-10 UCAV,,Russia,2,,,1.0,,,,,,,1.0,,,"Trucks, Vehicles and Jeeps",Ural tanker,,the Soviet Union,13.0,,,,7.0,,2.0,,,,4.0,,,
Reconnaissance Unmanned Aerial Vehicles,Forpost,,Israel,3,,,,,,,,,,2.0,1.0,,"Trucks, Vehicles and Jeeps",KamAZ,,the Soviet Union,11.0,,,,4.0,,1.0,,2.0,,4.0,,,
Reconnaissance Unmanned Aerial Vehicles,Orlan-10,,Russia,116,,,52.0,,,,,,,64.0,,,"Trucks, Vehicles and Jeeps",KamAZ tanker,,the Soviet Union,1.0,,,,1.0,,,,,,,,,
Reconnaissance Unmanned Aerial Vehicles,Orlan-10 jamming UAV,,Russia,3,,,2.0,,,,,,,1.0,,,"Trucks, Vehicles and Jeeps",MAZ-537,,the Soviet Union,2.0,,,,1.0,,,,,,1.0,,,
Reconnaissance Unmanned Aerial Vehicles,Orlan-10 'Moskit' jamming UAV,,Russia,1,,,1.0,,,,,,,,,,"Trucks, Vehicles and Jeeps",MAZ-5316,,Belarus,8.0,,,,,,1.0,,,,7.0,,,
Reconnaissance Unmanned Aerial Vehicles,'Orlan-20' ''Kartograf'',,Russia,9,,,1.0,,,,,1.0,,7.0,,,"Trucks, Vehicles and Jeeps",MAZ AC-8-500A Tanker,,the Soviet Union,1.0,,,,,,,,,,1.0,,,
Reconnaissance Unmanned Aerial Vehicles,Orlan-30,,Russia,4,,,2.0,,,,,,,2.0,,,"Trucks, Vehicles and Jeeps",MAZ-5337 fuel tanker,,the Soviet Union,1.0,,,,,,,,,,1.0,,,
Reconnaissance Unmanned Aerial Vehicles,Granat-4,,Russia,2,,,2.0,,,,,,,,,,"Trucks, Vehicles and Jeeps",FMTV M1083A1P2,,the United States,6.0,,,,,,,,,,6.0,,,
Reconnaissance Unmanned Aerial Vehicles,Eleron-3,,Russia,17,,,14.0,,,,,,,3.0,,,"Trucks, Vehicles and Jeeps",Mercedes-Benz Unimog U1300L ambulance,,Germany,2.0,,,,,,,,,,2.0,,,
Reconnaissance Unmanned Aerial Vehicles,Eleron T28ME,,Russia,1,,,1.0,,,,,,,,,,"Trucks, Vehicles and Jeeps",Pinzgauer Vector 718,,the United Kingdom,3.0,,,,,,2.0,,,,1.0,,,
Reconnaissance Unmanned Aerial Vehicles,Takhion,,Russia,3,,,3.0,,,,,,,,,,"Trucks, Vehicles and Jeeps",Land Rover Defender,,the United Kingdom,1.0,,,,,,,,,,1.0,,,
Reconnaissance Unmanned Aerial Vehicles,ZALA 421-16Е2,,Russia,6,,,3.0,,,,,,,3.0,,,"Trucks, Vehicles and Jeeps",UAZ-469 jeep,,the Soviet Union,9.0,,,,4.0,,,,,,5.0,,,
Reconnaissance Unmanned Aerial Vehicles,ZALA 421-16ЕM,,Russia,1,,,1.0,,,,,,,,,,"Trucks, Vehicles and Jeeps",UAZ-452 van,,the Soviet Union,9.0,,,,2.0,,1.0,,,,6.0,,,
Reconnaissance Unmanned Aerial Vehicles,Merlin-VR,,Russia,1,,,,,,,,,,1.0,,,"Trucks, Vehicles and Jeeps",Armoured Volkswagen Amarok pickup truck,,Germany,1.0,,,,,,,,1.0,,,,,
Reconnaissance Unmanned Aerial Vehicles,Lastochka-M,,Russia,1,,,1.0,,,,,,,,,,"Trucks, Vehicles and Jeeps",Bogdan-2351 ambulance pickup truck,,Ukraine,6.0,,,,1.0,,,,,,5.0,,,
Reconnaissance Unmanned Aerial Vehicles,Supercam S150,,Russia,2,,,1.0,,,,,,,1.0,,,"Trucks, Vehicles and Jeeps",Armed pickup truck,with KPV HMG,Ukraine,1.0,,,,,,,,,,1.0,,,
Reconnaissance Unmanned Aerial Vehicles,Supercam S350,,Russia,2,,,1.0,,,,,,,1.0,,,"Trucks, Vehicles and Jeeps",Armed pickup truck,with M2 HMG,Ukraine,1.0,,,,,,,,,,1.0,,,
Reconnaissance Unmanned Aerial Vehicles,Grifon-12,,Russia,1,,,1.0,,,,,,,,,,"Trucks, Vehicles and Jeeps",Armed pickup truck,with ZU-23 AA gun,Ukraine,1.0,,,,,,,,,,1.0,,,
Reconnaissance Unmanned Aerial Vehicles,Unknown reconnaissance UAV,,Russia,3,,,,,,,,,,3.0,,,"Trucks, Vehicles and Jeeps",Armed tactical buggy,with ATGM,Ukraine,1.0,,,,,,,,,,1.0,,,
Naval Ships,Project 1164 Slava-class guided missile cruiser 'Moskva',,the Soviet Union,1,,,,,,,,,,,,1.0,"Trucks, Vehicles and Jeeps",Ford Ranger,,the United States,1.0,,,,,,,,1.0,,,,,
Naval Ships,Project 03160 Raptor-class patrol boat,,Russia,5,,,,,,2.0,,,,3.0,,,"Trucks, Vehicles and Jeeps",Peugeot P4,,France,2.0,,,,,,,,,,2.0,,,
Naval Ships,Project 02510 BK-16E high-speed assault boat,,Russia,1,,,,,,,,,,1.0,,,"Trucks, Vehicles and Jeeps",Unknown tanker,,Ukraine,1.0,,,,,,,,,,1.0,,,
Naval Ships,Project 1171 Tapir-class landing ship 'Saratov (BDK-65)',,the Soviet Union,1,,,,,,,,,,1.0,,,"Trucks, Vehicles and Jeeps",Unknown truck,,Ukraine,65.0,,,,4.0,,2.0,1.0,,,58.0,,,
Naval Ships,Project 775 Ropucha-class landing ship,,Poland,1,,,,,,1.0,,,,,,,"Trucks, Vehicles and Jeeps",Unknown truck,with ZU-23 AA gun,Ukraine,1.0,,,,,,,,,,1.0,,,
Naval Ships,Project 11770 Serna-class landing craft,,Russia,1,,,,,,,,,,1.0,,,"Trucks, Vehicles and Jeeps",Unknown vehicle,,Ukraine,42.0,,,,,,,,,,42.0,,,
Naval Ships,Project 22870 SB-739 Vasily Bekh rescue tug,,Russia,1,,,,,,,,,,1.0,,,,,,,,,,,,,,,,,,,,
Naval Ships,Project 266M Natya-class minesweeper,,the Soviet Union,1,,,,,,1.0,,,,,,,,,,,,,,,,,,,,,,,,
"Trucks, Vehicles and Jeeps",GAZ-51,,the Soviet Union,1,,,1.0,,,,,,,,,,,,,,,,,,,,,,,,,,,
"Trucks, Vehicles and Jeeps",GAZ-66,,the Soviet Union,25,,,12.0,,,,,,,13.0,,,,,,,,,,,,,,,,,,,,
"Trucks, Vehicles and Jeeps",KrAZ-255B,,the Soviet Union,2,,,1.0,,,,,,,1.0,,,,,,,,,,,,,,,,,,,,
"Trucks, Vehicles and Jeeps",KrAZ-255B tanker,,the Soviet Union,4,,,,,,,,1.0,,3.0,,,,,,,,,,,,,,,,,,,,
"Trucks, Vehicles and Jeeps",KrAZ-260 tanker,,the Soviet Union,2,,,1.0,,,,,,,1.0,,,,,,,,,,,,,,,,,,,,
"Trucks, Vehicles and Jeeps",ZiL-131,,the Soviet Union,23,1.0,,5.0,,,,,2.0,,15.0,,,,,,,,,,,,,,,,,,,,
"Trucks, Vehicles and Jeeps",ZiL-131 tanker,,the Soviet Union,2,,,1.0,,,,,,,1.0,,,,,,,,,,,,,,,,,,,,
"Trucks, Vehicles and Jeeps",9T217 transloader (for 9K33 Osa),,the Soviet Union,3,,,2.0,,,,,,,1.0,,,,,,,,,,,,,,,,,,,,
"Trucks, Vehicles and Jeeps",9T244 transloader (for 9A330/1 Tor),,Russia,7,,,,,,,,2.0,,5.0,,,,,,,,,,,,,,,,,,,,
"Trucks, Vehicles and Jeeps",GAZ-3308,,Russia,6,2.0,,1.0,,,,,,,3.0,,,,,,,,,,,,,,,,,,,,
"Trucks, Vehicles and Jeeps",GAZ Sobol,,Russia,2,1.0,,,,,,,,,1.0,,,,,,,,,,,,,,,,,,,,
"Trucks, Vehicles and Jeeps",Ural-375D,,the Soviet Union,1,,,,,,,,,,1.0,,,,,,,,,,,,,,,,,,,,
"Trucks, Vehicles and Jeeps",Ural-375D tanker,,the Soviet Union,1,,,1.0,,,,,,,,,,,,,,,,,,,,,,,,,,,
"Trucks, Vehicles and Jeeps",Ural-4320,,Russia,585,11.0,,129.0,,,6.0,1.0,13.0,,425.0,,,,,,,,,,,,,,,,,,,,
"Trucks, Vehicles and Jeeps",Ural-4320,with ZU-23 AA gun,Russia,5,,,1.0,,,,,,,4.0,,,,,,,,,,,,,,,,,,,,
"Trucks, Vehicles and Jeeps",Ural-4320 tanker,,Russia,150,1.0,,58.0,,,,,2.0,,89.0,,,,,,,,,,,,,,,,,,,,
"Trucks, Vehicles and Jeeps",Ural Avtozaks,,Russia,7,,,1.0,,,,,,,6.0,,,,,,,,,,,,,,,,,,,,
"Trucks, Vehicles and Jeeps",Ural-43206,,Russia,115,1.0,,35.0,,,,3.0,3.0,,73.0,,,,,,,,,,,,,,,,,,,,
"Trucks, Vehicles and Jeeps",Ural Federal,,Russia,29,1.0,,9.0,,,,,,,19.0,,,,,,,,,,,,,,,,,,,,
"Trucks, Vehicles and Jeeps",Ural-5323,,Russia,4,,,3.0,,,,,,,1.0,,,,,,,,,,,,,,,,,,,,
"Trucks, Vehicles and Jeeps",Ural-63704-0010 Tornado-U,,Russia,10,1.0,,5.0,,,1.0,,1.0,,2.0,,,,,,,,,,,,,,,,,,,,
"Trucks, Vehicles and Jeeps",Ural-542301 tank transporter,,Russia,2,1.0,,1.0,,,,,,,,,,,,,,,,,,,,,,,,,,,
"Trucks, Vehicles and Jeeps",MAZ TZ-500 tanker,,the Soviet Union,1,,,,,,,,,,1.0,,,,,,,,,,,,,,,,,,,,
"Trucks, Vehicles and Jeeps",KamAZ 4x4,,Russia,22,1.0,,6.0,,,,,,,15.0,,,,,,,,,,,,,,,,,,,,
"Trucks, Vehicles and Jeeps",KamAZ 6x6,,Russia,650,13.0,,122.0,,,7.0,2.0,21.0,,485.0,,,,,,,,,,,,,,,,,,,,
"Trucks, Vehicles and Jeeps",KamAZ 6x6,with ZU-23 AA gun,Russia,7,,,3.0,,,,,,,4.0,,,,,,,,,,,,,,,,,,,,
"Trucks, Vehicles and Jeeps",KamAZ 6x6 tanker,,Russia,112,1.0,,26.0,,,4.0,,3.0,,78.0,,,,,,,,,,,,,,,,,,,,
"Trucks, Vehicles and Jeeps",KamAZ 8x8,,Russia,16,,,5.0,,,,,,,11.0,,,,,,,,,,,,,,,,,,,,
"Trucks, Vehicles and Jeeps",KamAZ Avtozaks,,Russia,24,1.0,,4.0,,,,,1.0,,18.0,,,,,,,,,,,,,,,,,,,,
"Trucks, Vehicles and Jeeps",KamAZ-5350 with armoured cabin,,Russia,9,,,6.0,,,,,,,3.0,,,,,,,,,,,,,,,,,,,,
"Trucks, Vehicles and Jeeps",KamAZ with MM-501 armoured cabin,,Russia,23,2.0,,7.0,,,1.0,,1.0,,12.0,,,,,,,,,,,,,,,,,,,,
"Trucks, Vehicles and Jeeps",KamAZ-6350 8x8 artillery tractor,,Russia,7,,,,,,2.0,,,,5.0,,,,,,,,,,,,,,,,,,,,
"Trucks, Vehicles and Jeeps",KamAZ-395800 'Gorets',,Russia,1,,,,,,,,,,1.0,,,,,,,,,,,,,,,,,,,,
"Trucks, Vehicles and Jeeps",Civilian KamAZ 6x6 converted for military use,,Russia,3,,,2.0,,,,,,,1.0,,,,,,,,,,,,,,,,,,,,
"Trucks, Vehicles and Jeeps",UAZ-469 jeep,,the Soviet Union,28,1.0,,11.0,,,,,3.0,,13.0,,,,,,,,,,,,,,,,,,,,
"Trucks, Vehicles and Jeeps",UAZ-452 van,,the Soviet Union,36,,,9.0,,,1.0,1.0,5.0,,20.0,,,,,,,,,,,,,,,,,,,,
"Trucks, Vehicles and Jeeps",LuAZ-969,,the Soviet Union,2,,,,,,,,1.0,,1.0,,,,,,,,,,,,,,,,,,,,
"Trucks, Vehicles and Jeeps",UAZ Patriot jeep,,Russia,3,,,1.0,,,,,,,2.0,,,,,,,,,,,,,,,,,,,,
"Trucks, Vehicles and Jeeps",UAZ-31514,,Russia,1,,,1.0,,,,,,,,,,,,,,,,,,,,,,,,,,,
"Trucks, Vehicles and Jeeps",UAZ-23632 pickup truck,,Russia,3,,,3.0,,,,,,,,,,,,,,,,,,,,,,,,,,,
"Trucks, Vehicles and Jeeps",UAZ-23632-148-64 armed pickup truck,,Russia,5,,,,,,,,,,5.0,,,,,,,,,,,,,,,,,,,,
"Trucks, Vehicles and Jeeps",UAZ-394511 ‘Esaul’,,Russia,5,,,,,,,,2.0,,3.0,,,,,,,,,,,,,,,,,,,,
"Trucks, Vehicles and Jeeps",UAZ-515195 'Esaul',,Russia,1,,,,,,,,,,1.0,,,,,,,,,,,,,,,,,,,,
"Trucks, Vehicles and Jeeps",Unknown fuel tanker,,Russia,4,,,,,,,,,,4.0,,,,,,,,,,,,,,,,,,,,
"Trucks, Vehicles and Jeeps",(Unknown) truck,,Russia,262,1.0,,10.0,1.0,,7.0,2.0,,,241.0,,,,,,,,,,,,,,,,,,,,
"Trucks, Vehicles and Jeeps",(Unknown) vehicle,,Russia,45,,,,,,6.0,,,,39.0,,,,,,,,,,,,,,,,,,,,
